run_type,backend,workers,k,double_hash,nonce,tries,elapsed_sec,hashes_per_sec,mhashes_per_sec,target_bits,nonce_size,repeat
rust,openssl_single,1,0,False,0,1,0.0,593119.81,0.59,0,8,1
rust,openssl_single,1,1,False,3,4,0.0,2688172.04,2.69,1,8,1
rust,openssl_single,1,2,False,8,9,0.0,3779924.4,3.78,2,8,1
rust,openssl_single,1,3,False,8,9,0.0,3629032.26,3.63,3,8,1
rust,openssl_single,1,4,False,14,15,0.0,4447079.75,4.45,4,8,1
rust,openssl_single,1,5,False,82,83,0.0,5652795.75,5.65,5,8,1
rust,openssl_single,1,6,False,82,83,0.0,5652795.75,5.65,6,8,1
rust,openssl_single,1,7,False,82,83,0.0,5891538.9,5.89,7,8,1
rust,openssl_single,1,8,False,561,562,0.0001,6308156.83,6.31,8,8,1
rust,openssl_single,1,9,False,1036,1037,0.0002,6350236.68,6.35,9,8,1
rust,openssl_single,1,10,False,1399,1400,0.0002,6022774.69,6.02,10,8,1
rust,openssl_single,1,11,False,2062,2063,0.0003,6366871.28,6.37,11,8,1
rust,openssl_single,1,12,False,3275,3276,0.0005,6383277.22,6.38,12,8,1
rust,openssl_single,1,13,False,3275,3276,0.0006,5279085.73,5.28,13,8,1
rust,openssl_single,1,14,False,13754,13755,0.0022,6325888.82,6.33,14,8,1
rust,openssl_single,1,15,False,23804,23805,0.0037,6364901.78,6.36,15,8,1
rust,openssl_single,1,16,False,23804,23805,0.0039,6157850.5,6.16,16,8,1
rust,openssl_single,1,17,False,247666,247667,0.0403,6144650.3,6.14,17,8,1
rust,openssl_single,1,18,False,577076,577077,0.0986,5855383.63,5.86,18,8,1
rust,openssl_single,1,19,False,577865,577866,0.0944,6120144.28,6.12,19,8,1
rust,openssl_single,1,20,False,2900578,2900579,0.4641,6250158.58,6.25,20,8,1
rust,openssl_single,1,0,False,0,1,0.0,916590.28,0.92,0,8,2
rust,openssl_single,1,1,False,3,4,0.0,2520478.89,2.52,1,8,2
rust,openssl_single,1,2,False,8,9,0.0,3489724.7,3.49,2,8,2
rust,openssl_single,1,3,False,8,9,0.0,3025210.08,3.03,3,8,2
rust,openssl_single,1,4,False,14,15,0.0,4200504.06,4.2,4,8,2
rust,openssl_single,1,5,False,82,83,0.0,5505439.11,5.51,5,8,2
rust,openssl_single,1,6,False,82,83,0.0,5616456.9,5.62,6,8,2
rust,openssl_single,1,7,False,82,83,0.0,5893212.16,5.89,7,8,2
rust,openssl_single,1,8,False,561,562,0.0001,6330967.67,6.33,8,8,2
rust,openssl_single,1,9,False,1036,1037,0.0002,4890194.62,4.89,9,8,2
rust,openssl_single,1,10,False,1399,1400,0.0002,6185412.15,6.19,10,8,2
rust,openssl_single,1,11,False,2062,2063,0.0003,6341350.96,6.34,11,8,2
rust,openssl_single,1,12,False,3275,3276,0.0005,6376319.64,6.38,12,8,2
rust,openssl_single,1,13,False,3275,3276,0.0005,6163339.79,6.16,13,8,2
rust,openssl_single,1,14,False,13754,13755,0.0023,6025407.9,6.03,14,8,2
rust,openssl_single,1,15,False,23804,23805,0.0037,6359990.7,6.36,15,8,2
rust,openssl_single,1,16,False,23804,23805,0.0038,6227961.44,6.23,16,8,2
rust,openssl_single,1,17,False,247666,247667,0.0398,6228374.76,6.23,17,8,2
rust,openssl_single,1,18,False,577076,577077,0.1,5768485.97,5.77,18,8,2
rust,openssl_single,1,19,False,577865,577866,0.0953,6065828.45,6.07,19,8,2
rust,openssl_single,1,20,False,2900578,2900579,0.4906,5912890.61,5.91,20,8,2
rust,openssl_single,1,0,False,0,1,0.0,840336.13,0.84,0,8,3
rust,openssl_single,1,1,False,3,4,0.0,2372479.24,2.37,1,8,3
rust,openssl_single,1,2,False,8,9,0.0,3781512.61,3.78,2,8,3
rust,openssl_single,1,3,False,8,9,0.0,3491078.36,3.49,3,8,3
rust,openssl_single,1,4,False,14,15,0.0,4087193.46,4.09,4,8,3
rust,openssl_single,1,5,False,82,83,0.0,5935779.16,5.94,5,8,3
rust,openssl_single,1,6,False,82,83,0.0,5811917.93,5.81,6,8,3
rust,openssl_single,1,7,False,82,83,0.0,5732044.2,5.73,7,8,3
rust,openssl_single,1,8,False,561,562,0.0001,6179694.97,6.18,8,8,3
rust,openssl_single,1,9,False,1036,1037,0.0002,6154412.24,6.15,9,8,3
rust,openssl_single,1,10,False,1399,1400,0.0002,6365140.85,6.37,10,8,3
rust,openssl_single,1,11,False,2062,2063,0.0003,6354222.49,6.35,11,8,3
rust,openssl_single,1,12,False,3275,3276,0.0007,4703963.33,4.7,12,8,3
rust,openssl_single,1,13,False,3275,3276,0.0005,6081735.86,6.08,13,8,3
rust,openssl_single,1,14,False,13754,13755,0.0023,6000026.17,6.0,14,8,3
rust,openssl_single,1,15,False,23804,23805,0.004,5916621.49,5.92,15,8,3
rust,openssl_single,1,16,False,23804,23805,0.0048,4933011.14,4.93,16,8,3
rust,openssl_single,1,17,False,247666,247667,0.0416,5954285.53,5.95,17,8,3
rust,openssl_single,1,18,False,577076,577077,0.0953,6053804.68,6.05,18,8,3
rust,openssl_single,1,19,False,577865,577866,0.0941,6140622.04,6.14,19,8,3
rust,openssl_single,1,20,False,2900578,2900579,0.5086,5702558.37,5.7,20,8,3
rust,openssl_single,1,0,True,0,1,0.0,488519.79,0.49,0,8,1
rust,openssl_single,1,1,True,1,2,0.0,1085187.19,1.09,1,8,1
rust,openssl_single,1,2,True,3,4,0.0,1627339.3,1.63,2,8,1
rust,openssl_single,1,3,True,3,4,0.0,1699235.34,1.7,3,8,1
rust,openssl_single,1,4,True,3,4,0.0,1347254.97,1.35,4,8,1
rust,openssl_single,1,5,True,3,4,0.0,1628001.63,1.63,5,8,1
rust,openssl_single,1,6,True,3,4,0.0,1447178.0,1.45,6,8,1
rust,openssl_single,1,7,True,3,4,0.0,1502629.6,1.5,7,8,1
rust,openssl_single,1,8,True,3,4,0.0,1347254.97,1.35,8,8,1
rust,openssl_single,1,9,True,98,99,0.0,2975296.03,2.98,9,8,1
rust,openssl_single,1,10,True,98,99,0.0,3031230.86,3.03,10,8,1
rust,openssl_single,1,11,True,98,99,0.0,3050283.46,3.05,11,8,1
rust,openssl_single,1,12,True,98,99,0.0,2984444.71,2.98,12,8,1
rust,openssl_single,1,13,True,26300,26301,0.0085,3081445.84,3.08,13,8,1
rust,openssl_single,1,14,True,32416,32417,0.0107,3041896.38,3.04,14,8,1
rust,openssl_single,1,15,True,32416,32417,0.0105,3076357.77,3.08,15,8,1
rust,openssl_single,1,16,True,32416,32417,0.0105,3092442.05,3.09,16,8,1
rust,openssl_single,1,17,True,32416,32417,0.0104,3122544.03,3.12,17,8,1
rust,openssl_single,1,18,True,32416,32417,0.011,2937805.74,2.94,18,8,1
rust,openssl_single,1,19,True,807547,807548,0.269,3002004.95,3.0,19,8,1
rust,openssl_single,1,20,True,1534897,1534898,0.5142,2984888.66,2.98,20,8,1
rust,openssl_single,1,0,True,0,1,0.0,702740.69,0.7,0,8,2
rust,openssl_single,1,1,True,1,2,0.0,1035732.78,1.04,1,8,2
rust,openssl_single,1,2,True,3,4,0.0,1574183.39,1.57,2,8,2
rust,openssl_single,1,3,True,3,4,0.0,1513431.71,1.51,3,8,2
rust,openssl_single,1,4,True,3,4,0.0,1357312.52,1.36,4,8,2
rust,openssl_single,1,5,True,3,4,0.0,1710863.99,1.71,5,8,2
rust,openssl_single,1,6,True,3,4,0.0,1574183.39,1.57,6,8,2
rust,openssl_single,1,7,True,3,4,0.0,1457725.95,1.46,7,8,2
rust,openssl_single,1,8,True,3,4,0.0,1513431.71,1.51,8,8,2
rust,openssl_single,1,9,True,98,99,0.0,2916224.81,2.92,9,8,2
rust,openssl_single,1,10,True,98,99,0.0,3024932.78,3.02,10,8,2
rust,openssl_single,1,11,True,98,99,0.0,3063024.04,3.06,11,8,2
rust,openssl_single,1,12,True,98,99,0.0,3015626.43,3.02,12,8,2
rust,openssl_single,1,13,True,26300,26301,0.0088,2981320.75,2.98,13,8,2
rust,openssl_single,1,14,True,32416,32417,0.0106,3046081.84,3.05,14,8,2
rust,openssl_single,1,15,True,32416,32417,0.0106,3055390.25,3.06,15,8,2
rust,openssl_single,1,16,True,32416,32417,0.0105,3086107.71,3.09,16,8,2
rust,openssl_single,1,17,True,32416,32417,0.0104,3123677.47,3.12,17,8,2
rust,openssl_single,1,18,True,32416,32417,0.0105,3081158.69,3.08,18,8,2
rust,openssl_single,1,19,True,807547,807548,0.2815,2868324.96,2.87,19,8,2
rust,openssl_single,1,20,True,1534897,1534898,0.4931,3112497.78,3.11,20,8,2
rust,openssl_single,1,0,True,0,1,0.0,616903.15,0.62,0,8,3
rust,openssl_single,1,1,True,1,2,0.0,1233806.29,1.23,1,8,3
rust,openssl_single,1,2,True,3,4,0.0,1409940.08,1.41,2,8,3
rust,openssl_single,1,3,True,3,4,0.0,1579155.15,1.58,3,8,3
rust,openssl_single,1,4,True,3,4,0.0,1644736.84,1.64,4,8,3
rust,openssl_single,1,5,True,3,4,0.0,1413427.56,1.41,5,8,3
rust,openssl_single,1,6,True,3,4,0.0,1583531.27,1.58,6,8,3
rust,openssl_single,1,7,True,3,4,0.0,1649484.54,1.65,7,8,3
rust,openssl_single,1,8,True,3,4,0.0,1319261.21,1.32,8,8,3
rust,openssl_single,1,9,True,98,99,0.0,3014432.74,3.01,9,8,3
rust,openssl_single,1,10,True,98,99,0.0001,1814250.11,1.81,10,8,3
rust,openssl_single,1,11,True,98,99,0.0,3023731.71,3.02,11,8,3
rust,openssl_single,1,12,True,98,99,0.0,3014432.74,3.01,12,8,3
rust,openssl_single,1,13,True,26300,26301,0.0088,2992327.53,2.99,13,8,3
rust,openssl_single,1,14,True,32416,32417,0.0106,3056802.28,3.06,14,8,3
rust,openssl_single,1,15,True,32416,32417,0.0107,3038417.42,3.04,15,8,3
rust,openssl_single,1,16,True,32416,32417,0.011,2950527.49,2.95,16,8,3
rust,openssl_single,1,17,True,32416,32417,0.0109,2972233.18,2.97,17,8,3
rust,openssl_single,1,18,True,32416,32417,0.0107,3016673.64,3.02,18,8,3
rust,openssl_single,1,19,True,807547,807548,0.2954,2733998.62,2.73,19,8,3
rust,openssl_single,1,20,True,1534897,1534898,0.5186,2959915.56,2.96,20,8,3
